feature,score
8731,1
3572,3
118,1
115,1
116,4
117,1
110,2
111,11
112,9
113,2
7831,1
5764,2
3570,1
5766,1
5760,1
5769,1
8300,2
8301,2
8302,2
8303,9
8304,4
8305,4
8306,5
8307,1
8308,3
8309,2
4143,5
4140,6
9314,2
4147,3
9316,3
4145,5
9318,6
9534,1
4148,8
4815,4
9537,3
3888,25
3889,1
3886,5
3887,7
3884,4
3885,3
3882,4
3883,1
3880,11
3881,10
3084,3
3083,7
11662,6
11663,4
11661,2
11666,6
2938,2
2429,1
11665,1
2935,1
2426,4
11668,5
2936,6
2423,2
2422,1
2420,6
3338,1
3335,1
3336,3
3337,2
3331,1
3332,2
3333,1
2689,3
2688,1
2683,1
2682,3
2681,1
2680,1
2687,7
2686,4
2685,2
2684,3
6302,7
6301,5
6307,1
6308,1
6309,5
11082,1
11083,2
11088,3
12218,1
12216,2
12215,4
12210,16
12211,2
8685,4
8684,2
8687,1
8686,7
969,4
8680,1
8683,1
8682,7
8689,8
8688,3
13,1
4960,2
4961,2
4962,11
4963,1
4964,5
4965,1
4966,1
4967,1
4968,2
4969,3
40,1
42,1
44,5
47,1
11766,1
1307,2
1657,1
1651,1
1653,2
7433,1
7432,15
7437,1
7435,2
7439,2
6596,7
2527,1
2525,5
855,6
854,7
857,3
856,4
11769,1
853,1
11768,1
859,2
858,3
583,4
581,2
580,2
587,1
586,1
5158,8
5159,3
5156,2
594,1
589,1
588,1
5152,5
5153,5
5150,4
5151,4
4689,1
4688,3
10108,1
10109,1
10458,1
3653,4
3652,7
3651,2
4682,1
10452,2
10101,7
4687,7
10103,1
1879,4
1875,1
1877,6
1876,2
5480,1
5482,4
5483,3
5488,1
5489,1
5378,2
5379,1
5372,1
5373,9
5370,3
5371,1
5377,1
5374,3
5375,2
3215,1
327,3
325,12
324,2
323,2
322,3
321,19
320,21
329,5
328,17
10139,1
8953,1
6676,1
11275,3
11277,2
11276,1
11270,1
11273,5
8515,1
8514,2
8516,1
8510,3
8519,2
6905,3
4425,5
4424,2
4427,1
4426,2
4421,2
4352,4
3431,1
4422,3
4429,1
4428,3
4359,1
4358,1
2746,3
2744,2
2745,3
2214,6
2743,2
2740,4
2217,3
2219,1
11419,1
11411,9
11415,4
11417,3
11416,21
8478,2
8479,5
8476,7
8477,1
8475,6
8473,2
11499,7
4146,2
2295,1
5978,1
5974,1
5977,1
5971,2
5972,1
2078,2
1037,19
9964,2
9962,1
5361,1
5492,1
5491,2
6440,8
6445,2
6112,3
6447,1
6110,6
6119,1
6118,3
5366,2
1055,5
1412,1
4369,2
1050,2
12027,1
12026,1
12021,3
12023,1
12028,9
3403,1
3519,3
8870,4
138,4
139,13
132,3
133,2
130,4
131,2
136,3
137,1
135,2
9480,2
9482,3
9485,1
9486,7
7011,1
9488,1
1466,8
1467,2
1464,9
1465,5
1462,1
1463,3
1460,1
7642,1
1468,4
1469,3
5741,2
7643,2
5747,7
5746,1
8612,4
8613,10
8610,3
8611,6
4168,4
4169,2
4160,5
4161,5
4162,5
4163,5
4164,3
4165,1
4166,1
780,3
9862,2
5281,8
5285,1
10661,2
10660,1
10663,4
10669,1
10668,1
2919,3
2918,1
11648,8
11649,13
11644,4
2912,5
11646,6
2910,5
2917,1
11642,1
2914,1
3356,4
3355,2
3917,3
6328,1
6320,2
6321,4
6322,14
6327,1
12238,4
2004,1
2006,1
2003,1
2002,3
12230,1
12231,7
12233,1
12234,1
12235,1
12236,2
7183,5
7180,4
7187,1
7638,2
7185,1
7634,2
7637,3
7188,2
7631,3
7633,3
6858,2
6856,1
6857,4
6854,1
6855,1
6850,1
4988,2
4989,1
4986,2
4987,3
4984,4
4982,7
4983,5
4980,5
4981,3
1678,1
1673,1
1671,1
1675,2
7989,2
7983,3
7981,1
7452,1
7455,2
7986,1
7985,4
7984,10
1580,2
1582,1
1585,1
1584,1
1587,1
1586,3
10896,1
10897,2
10894,1
10895,6
10892,1
836,6
10890,5
10891,7
839,4
10898,4
10899,6
5174,9
5175,6
5170,1
5171,3
5179,3
1857,3
1856,3
1854,5
1853,2
1851,2
10472,1
10473,4
10475,1
1859,3
10477,1
2427,1
4732,2
2934,1
2937,1
5350,3
5351,1
5352,1
5353,1
5354,1
4737,2
5357,4
5358,3
5359,1
2930,2
2932,3
2755,8
2206,2
2751,1
308,3
305,1
307,4
2752,3
300,1
303,1
302,5
3987,2
3986,3
3985,3
3632,1
3635,1
3982,7
9293,4
3980,1
3639,1
3638,2
3989,1
3988,1
11256,2
11255,6
2584,6
2585,2
2587,4
966,2
11259,1
11258,1
11789,1
11788,1
5607,4
11781,5
3552,1
11783,1
11782,1
11784,1
11786,2
8533,2
8532,12
8531,1
8530,1
8537,1
8535,5
1549,3
8539,6
8538,1
4403,1
10783,4
10780,5
10781,2
3472,1
10787,7
4405,3
10785,2
10788,4
10789,3
3182,4
11433,1
11432,2
11431,6
11430,1
11437,11
11436,4
11435,2
2764,1
2765,1
2766,1
2767,1
2760,3
2761,3
2762,3
2763,3
8454,2
8455,2
8456,2
8457,1
8450,4
8451,4
8452,5
8453,2
8458,2
8459,1
10526,2
10527,3
8832,1
3761,2
8833,3
7826,2
3767,2
3766,3
8983,1
8980,4
8986,1
10520,4
8984,1
8985,2
8989,1
3557,1
2915,1
5918,2
5919,1
5913,2
5910,7
5911,3
5916,5
5917,1
5914,3
7846,4
7844,1
7845,2
7842,1
3974,2
6467,3
6466,5
6463,2
6462,1
9727,3
9720,1
12009,2
12007,1
12005,1
9729,4
9728,2
12001,2
12000,2
150,7
151,1
152,18
153,2
154,4
155,4
156,2
157,1
158,1
159,1
9469,2
9466,5
9467,1
9464,2
9465,4
9462,3
9463,28
9460,14
1448,1
1449,1
1119,1
1444,4
1117,3
1114,1
1447,2
1441,11
1442,1
1443,1
5729,1
5728,4
5720,4
5725,3
5727,1
5726,1
10319,3
10649,4
10648,1
10314,2
10645,1
10316,2
10311,1
10642,3
10312,4
2970,4
2977,1
2976,1
3373,1
3374,1
3376,10
3378,1
3379,2
2395,13
2394,1
2397,9
2396,1
2391,3
2390,2
2393,4
2392,1
2399,6
2398,2
12252,2
12253,3
12250,1
12251,1
12257,3
12255,2
12258,3
12259,2
2022,3
2772,2
2025,2
2024,6
9917,4
2029,1
9915,5
9912,2
9913,1
7619,3
7613,2
7611,24
7617,4
7616,7
7615,1
7614,2
2770,3
1610,1
1612,1
1615,1
1614,3
1617,1
1619,3
7477,2
7476,1
7474,1
89,11
7472,2
7471,1
7470,1
85,1
84,1
87,3
86,2
81,3
7478,9
3437,9
3436,1
4575,1
819,3
6875,3
6876,2
6877,1
6870,1
6873,1
811,8
810,1
813,2
812,1
815,1
817,1
816,4
11697,7
11695,1
5112,4
5113,1
5110,2
5111,1
5116,1
5114,1
11121,2
5118,12
5119,1
6706,2
6704,3
6701,1
8681,1
460,20
461,3
390,5
8083,1
3815,1
8080,2
8087,1
8084,1
363,6
362,1
360,2
367,12
366,10
365,1
10412,5
10413,4
10410,3
10411,2
3969,1
394,7
3619,11
10415,1
4645,2
4644,1
3967,13
4646,4
4641,3
4640,2
3611,7
3962,2
11231,2
11230,1
11233,1
11232,1
11235,6
3813,4
11237,1
11236,1
11239,2
11238,4
2564,2
2565,4
3930,1
2560,1
2816,1
4611,4
2817,2
4616,1
2362,13
8559,14
8558,4
8551,2
2812,2
8553,3
3935,4
8555,1
8554,2
2365,1
9149,4
4399,1
4398,1
3990,2
4463,1
4390,3
9145,1
4396,3
4395,2
4466,2
2636,1
2708,4
2709,1
2703,2
2700,2
2701,1
2142,1
2704,1
8430,2
8436,1
8437,4
8434,1
8435,5
8438,1
8439,8
9859,1
2147,1
9857,3
1309,2
1208,2
11845,1
4038,1
5930,1
5932,2
4039,8
5934,2
5935,1
5936,1
2931,1
5938,1
6827,2
4033,5
4030,3
7868,3
7864,2
7865,1
7866,2
7860,2
7861,4
7862,5
4034,1
4035,3
3453,1
8726,5
8724,1
8725,1
12069,2
9701,2
9700,2
9706,3
9705,3
9704,2
12061,1
12060,6
12063,1
12062,1
12065,2
12064,3
12067,34
7278,1
179,4
176,3
177,14
174,12
175,4
172,11
173,51
170,15
171,7
9444,1
9446,2
9447,1
9440,2
9441,2
9442,5
9443,4
9448,1
9449,22
1137,18
1131,1
1139,1
1422,1
1423,2
1420,1
1421,2
1426,1
1427,1
1424,4
5255,1
5257,2
5256,2
5703,2
5250,2
5253,1
5252,1
5259,2
5258,2
5709,6
5708,2
10337,3
4077,2
4075,2
10333,11
4073,1
4070,1
4071,4
6248,1
10339,2
4079,4
10628,1
10627,1
10626,3
2959,4
2956,9
2955,3
2954,1
2953,3
2952,2
2951,4
3394,2
3395,5
3393,1
3391,1
3549,1
11577,2
11574,1
11572,7
11573,3
11570,1
11571,2
11579,1
9934,2
9937,1
9930,2
9931,4
9932,2
9933,3
12275,6
12276,2
12277,1
9938,7
12271,5
12273,1
2049,1
2048,1
2041,2
2043,1
2042,9
2045,7
2044,2
2046,2
7670,1
7673,1
7672,1
7675,4
7674,7
7676,3
7679,2
7678,1
1638,3
1636,1
1634,1
7498,1
7497,1
7496,1
7490,1
2519,7
2516,2
9734,1
6813,1
6811,6
6818,1
1093,3
1092,1
1091,2
1090,3
1097,1
1096,7
1094,5
1099,2
1098,3
5138,1
5139,4
5130,1
5131,9
5134,2
5136,4
5137,5
6720,7
6723,2
1899,2
1893,1
1892,2
1891,5
1472,3
1897,2
1894,1
5394,1
5395,5
5396,2
5397,4
5391,1
5392,7
5393,2
5398,7
5399,2
5155,1
4471,5
693,9
692,2
690,1
696,11
694,1
341,2
436,14
343,1
434,5
345,1
344,1
430,4
349,2
348,3
439,3
8947,2
11025,1
11815,2
10456,2
4669,5
4668,13
11811,1
10439,1
4680,3
4663,4
4662,3
10436,4
3940,1
3947,9
10431,5
10432,2
4664,2
11219,1
11218,3
11749,1
11748,2
11213,1
10100,1
11747,2
11210,1
11217,4
11216,1
11215,6
3656,3
8577,1
8576,2
8574,1
8573,2
10102,3
8571,1
8570,7
4686,3
6641,1
8579,1
8578,1
4447,1
4446,2
4445,3
3492,1
4443,2
4441,1
4440,1
3499,1
3498,1
4449,1
6645,1
8418,4
8419,5
8410,1
8411,2
8412,2
8413,1
8414,1
8415,2
8416,5
10290,4
10292,1
10295,4
10298,1
10299,1
2544,4
2545,5
2546,6
2547,7
2540,4
2541,2
2542,8
2548,1
2549,4
3230,2
2720,3
2724,1
2726,1
2727,1
2728,2
2084,3
7808,1
7809,6
7803,3
7800,3
7801,4
7806,1
7807,1
7804,6
10999,2
10993,4
10992,3
10991,2
10990,2
10997,3
9891,1
9890,4
9896,3
9895,2
9899,2
9898,1
5154,1
12047,1
12045,2
9769,1
9768,2
9761,1
9760,1
9763,1
9762,6
9765,1
9764,4
9766,6
9422,3
9423,1
9420,1
9426,8
9424,5
9428,18
9429,1
1400,2
1402,4
1404,3
1157,5
1406,2
1409,2
1158,2
1159,2
8622,3
8389,4
8620,2
8380,2
8381,1
8382,1
8385,1
8386,1
8387,2
9399,4
3064,2
9391,4
9392,2
9396,1
9397,1
5096,2
5095,3
5094,2
5093,15
5091,3
5090,3
5272,1
5271,2
5277,2
5276,1
5275,2
5274,5
5279,2
5278,1
10603,3
10602,2
10352,2
10607,4
10606,5
10605,1
10356,1
4054,1
10358,1
3765,1
4057,1
4050,1
4051,1
4052,3
4053,2
7031,1
11552,1
11553,2
11554,1
11555,2
11556,1
11557,3
11558,3
11559,3
11004,1
11003,1
11000,2
11001,1
12543,1
12540,2
12541,1
9953,2
2065,4
9951,1
2063,2
9957,3
2061,1
2060,1
9958,3
9959,9
2069,1
2068,2
8609,3
8608,1
7659,5
7658,1
8605,3
7656,2
7655,1
7654,4
7653,2
7120,3
7651,3
7650,1
5871,6
5870,1
5879,3
5878,3
4514,1
6298,1
6299,4
6526,4
6831,1
6525,2
6834,1
6835,1
4357,6
3601,3
4355,3
6748,1
6749,1
6742,1
6743,7
6741,2
6746,1
3432,2
4423,2
4350,1
11679,4
4721,2
2431,1
4726,2
2432,1
4895,3
9750,1
3603,1
2436,6
2212,4
9033,4
9758,2
2213,2
419,1
418,7
2742,1
416,5
411,21
410,1
413,3
2215,2
4601,5
4600,1
4603,5
3922,2
4605,2
3924,3
4607,4
3926,7
4609,1
2741,3
1554,2
1214,2
1217,2
1211,4
1210,1
1213,3
11838,4
11837,3
11836,2
11834,2
11833,2
11831,1
11830,1
5516,2
5517,3
5514,4
5512,6
5510,5
5511,2
5519,4
5633,2
2462,2
8598,2
8595,6
8594,6
8597,6
8596,1
5631,1
997,9
9185,3
990,2
2461,4
992,2
993,3
10813,1
5416,3
8803,1
11767,3
2523,3
2520,4
11764,3
2526,1
11762,6
11760,8
7367,2
2528,4
2529,2
10537,2
3668,3
7366,7
8804,5
10016,2
10017,4
3211,1
3210,1
3217,1
10013,2
10010,1
6273,5
8809,3
10018,4
10019,2
7368,1
11495,7
11497,2
11496,3
2290,2
11498,8
2293,2
2294,1
3725,4
2296,5
6199,2
6198,2
6197,6
6190,1
6997,1
6995,1
6993,1
6991,2
6998,5
9747,3
9745,7
9744,1
9743,3
9742,4
9740,1
9749,2
9748,1
5330,6
8836,2
7821,1
8834,2
7355,3
7824,2
7353,2
8830,1
7351,2
7828,2
7829,3
7359,2
6760,1
9408,2
9409,2
9400,6
9401,2
9402,2
9403,6
9404,1
9405,4
9407,3
1178,2
1179,1
1170,5
1171,2
1172,1
1176,3
1177,8
5078,3
7017,7
5075,2
5074,1
5077,2
5076,1
5070,6
5073,2
5072,4
5213,1
5212,12
5217,1
5216,1
10379,4
10378,3
4032,2
10372,1
10371,3
4031,3
4036,4
4037,7
10375,1
10374,1
10828,2
9522,1
3024,9
3020,1
3029,6
2884,3
2886,2
2881,2
2880,2
2883,2
2882,1
11028,2
11539,1
9520,1
11533,2
11530,1
11024,3
11537,2
11534,4
11027,1
9978,2
2088,2
9970,7
9971,5
2087,2
2086,1
12442,2
2080,1
2083,1
9977,2
8629,2
8628,2
7103,2
7102,3
8621,12
7100,8
8627,1
7105,1
8624,1
3622,3
5853,1
5852,5
5851,1
5850,2
5857,1
5856,8
5855,2
5854,4
5859,1
3620,5
3621,1
6500,2
10818,1
6503,6
10816,6
10817,3
10814,2
10815,1
10812,1
6509,3
10810,3
2424,1
386,1
381,3
12366,1
6762,4
12363,1
12360,1
12361,8
6769,2
659,4
658,2
655,1
654,3
653,7
650,2
5686,5
384,4
387,1
5685,1
5682,1
380,5
383,1
5688,2
5689,2
8029,1
8028,1
473,1
472,10
471,3
8026,1
477,2
475,4
474,8
3806,1
470,2
3909,9
4271,2
4627,4
4626,5
4625,3
3904,5
9211,2
3902,3
3901,4
4620,5
1233,4
1232,15
1231,1
3805,1
1235,2
1234,12
11851,1
3554,1
8022,1
11855,2
11854,1
11857,6
4275,1
5538,1
5535,3
5537,4
5530,2
5533,2
2823,1
4279,1
4489,1
4488,2
4629,1
4483,4
4482,5
4481,1
4480,1
4487,1
4485,4
3907,4
3906,2
2824,2
3905,1
11374,4
4624,1
4623,4
2600,2
4621,5
3900,1
11859,1
11858,5
11373,8
2508,3
11700,2
11703,2
11702,2
11705,2
11704,1
11707,1
11706,1
2500,3
2501,4
2502,1
2503,1
2505,4
2507,2
6116,1
9844,1
10030,1
10031,9
10034,1
10036,1
10037,1
10039,4
3276,3
6111,35
8150,2
1646,1
1647,2
11856,2
5993,1
5991,2
5996,7
5997,1
5994,4
5998,3
5999,1
10097,5
8718,1
12559,1
12554,4
12557,4
12556,13
12551,3
12550,4
12553,1
12552,7
10094,3
7591,3
7593,1
7596,5
7598,2
7599,1
8711,4
12087,3
12086,2
12085,1
12084,5
6979,3
12082,2
12081,1
12080,1
6975,1
6974,1
6971,1
6972,2
8818,10
8819,5
7374,4
8815,1
8816,1
8817,2
7370,1
8811,1
2522,1
5059,2
5058,5
5053,2
5052,2
5050,2
5057,1
5056,5
5055,2
5054,1
5237,4
5235,1
5234,1
5233,9
5239,4
5238,2
10697,1
6254,1
6533,1
2201,1
8256,5
8257,1
8254,3
8255,1
8253,1
8251,4
8258,3
8259,5
4546,2
4547,4
9024,2
9025,3
4542,2
4015,6
4540,2
4017,2
4018,4
4019,3
3049,3
9028,1
9029,3
11042,4
11515,1
11040,1
11041,5
2319,13
11047,3
11044,1
11045,1
2314,2
11048,2
2316,2
11518,2
2310,2
2312,4
4557,1
1926,4
8641,8
7160,1
8643,1
7164,2
7167,3
7166,1
8649,3
9035,5
4554,1
5831,4
5833,13
5832,1
4005,4
4550,1
7785,1
7784,1
7781,1
4553,2
4552,1
4000,4
7788,2
11708,2
10838,1
10839,2
6560,4
6561,6
6566,1
6567,1
6565,1
10832,1
10834,2
10835,1
10836,3
10837,1
11033,1
11032,2
12340,1
12342,4
12344,1
12345,1
6788,3
6789,4
6786,1
6784,3
6782,3
6783,4
6780,9
6781,1
9811,1
675,1
2899,1
1783,2
1782,1
1039,5
1786,4
1785,1
1035,7
1034,7
1789,1
1036,7
1031,6
1030,1
1033,2
1032,1
907,6
906,3
905,5
452,2
455,6
454,5
901,2
459,3
458,6
909,1
908,4
3270,1
8002,3
8001,1
8000,6
8007,14
8005,8
8004,1
11873,2
11871,6
11870,7
11877,2
11875,2
8972,1
11879,2
11878,5
9235,1
1258,1
8977,1
1253,7
4690,1
7708,4
5558,1
4691,2
5552,1
4696,1
5550,3
5557,3
5554,8
10440,2
7707,4
10571,3
3789,4
10581,2
10582,2
10430,1
10584,1
10585,1
10238,2
10239,2
3781,4
10589,2
3783,1
3782,3
3785,2
10233,3
3787,4
10231,1
7077,1
11595,2
11729,1
11728,3
11723,1
11721,1
11726,1
11725,3
3257,5
4204,1
3526,4
4201,3
3252,5
3251,2
4209,5
4208,1
3258,1
10058,3
5344,5
10052,1
10051,5
10057,2
10054,1
10055,1
2782,1
2783,1
2780,1
2781,7
2786,1
2787,3
2784,3
2785,1
2788,4
2789,2
10433,1
10077,1
11590,1
11188,1
11187,1
11186,2
11185,4
11181,1
11180,6
6031,1
2124,2
10579,2
2122,1
2123,2
2120,1
2121,5
9834,1
9837,3
9831,6
9833,1
2129,3
8634,5
8635,3
8636,2
8789,3
7578,5
7579,1
8784,7
7577,2
8786,3
7575,4
7572,1
8781,1
8782,2
7571,2
6959,1
6958,1
7112,2
4246,1
6952,2
7113,1
6956,2
6955,5
6954,2
9788,1
9783,2
9780,1
9787,3
9786,1
9785,8
9784,5
7134,1
8639,1
7319,1
4365,1
8872,6
7310,1
8871,5
7316,2
7317,2
8874,2
8875,2
10455,1
11757,2
5031,2
5030,3
5033,2
5032,4
5035,2
5034,2
5037,4
5036,2
5038,1
6044,5
6047,1
6046,3
6043,1
5608,1
6048,2
10451,1
5782,1
5780,6
5933,1
4781,6
4783,1
4784,2
4785,1
4787,1
4788,2
8278,3
8279,10
8274,3
8275,11
8276,10
8277,3
8270,4
8271,10
8272,2
8273,11
9008,6
4569,2
9004,3
9005,7
4566,3
9007,4
4560,2
4562,2
9003,3
2339,7
2338,4
11068,3
11069,1
11065,1
2331,4
2330,1
2336,1
2335,4
11063,3
4992,1
8669,2
7148,3
7146,1
7145,4
7144,4
8662,1
7141,4
8660,2
5815,2
5813,1
5812,3
5811,3
11790,2
10611,1
11245,1
10853,2
10851,2
10856,2
10855,2
10858,3
10859,5
6541,3
6542,1
6543,1
6232,1
6230,4
6231,2
8155,2
8157,1
9646,1
4340,1
12328,4
9645,1
9642,2
9643,9
9641,7
8151,2
12321,17
12327,7
12325,3
4435,1
505,4
4344,2
3425,1
612,2
611,2
610,1
4430,11
615,3
614,1
619,1
618,2
11678,1
11645,2
12088,1
11640,2
4717,1
1019,13
1018,8
4438,2
4864,2
1013,6
1012,2
1011,2
11643,3
1017,5
1016,1
1015,4
1014,4
11424,5
8063,2
929,12
8064,1
8067,5
8066,1
925,4
924,8
927,10
926,7
921,2
920,2
922,6
9253,8
4667,1
9255,1
4711,5
9259,2
10417,2
2776,2
1275,1
11899,3
2775,1
1270,9
11895,3
11894,3
11896,2
11891,3
11890,4
11893,4
11892,5
4194,1
4191,1
4192,2
1905,3
10219,4
1907,4
1906,2
1901,3
1900,2
1903,1
10211,9
10213,3
1909,3
1908,3
10216,2
5570,3
5571,2
5572,1
5574,2
11948,1
5578,4
5579,4
7379,5
10074,2
4221,3
4220,2
4227,2
4226,6
10072,14
4224,9
4229,3
4228,1
8814,4
4106,2
7375,1
2220,2
10507,4
10516,2
7371,1
4681,1
10514,1
5148,1
12511,3
12510,3
12513,1
12512,2
12515,5
12514,2
12517,1
12516,1
12519,2
12518,3
11305,6
11307,4
11306,1
2108,5
11300,1
11302,2
2105,4
2106,1
9810,5
2100,2
11308,5
2103,2
7550,1
4103,1
7089,4
7083,3
7080,3
7081,1
7086,4
7084,7
7882,3
7331,10
7880,8
7333,8
7334,2
7887,3
8856,1
8857,12
7338,7
8859,4
7888,4
7889,1
1488,3
1489,5
1480,6
1482,5
1483,9
1484,3
1485,3
1486,2
6687,3
6930,1
6933,4
6932,3
6937,6
6936,1
12378,1
5019,3
5018,1
5016,1
5015,4
5014,1
5013,1
5012,3
5011,2
5010,5
6063,2
6062,2
6061,1
6060,1
6066,5
6064,1
9848,1
9201,2
10186,1
2021,1
4342,6
554,5
556,4
557,1
550,3
553,1
559,1
7212,1
4042,2
11936,2
11937,1
11934,3
11932,2
11930,2
11931,2
4766,1
4767,1
4764,3
4765,1
4762,2
4763,4
11938,10
11939,1
4041,3
238,4
8218,1
8219,1
8213,4
8210,3
8211,2
8217,3
8214,2
8215,3
10689,1
9069,6
10683,2
10682,2
9060,6
10680,5
9066,3
10686,7
4504,2
4505,1
4346,5
8379,6
9367,3
9366,1
3705,6
9360,2
3707,3
2351,2
2350,10
2353,2
2352,2
2355,7
2357,2
2356,5
2358,1
6035,1
11718,1
2009,1
6215,4
6211,1
10874,2
10877,4
10870,1
6219,1
10872,1
10873,3
4264,6
446,7
447,3
444,3
12304,2
12305,3
12306,4
12307,1
12300,4
12301,1
12302,6
12303,3
442,4
12308,4
12309,3
443,3
9668,7
9669,6
9664,1
9665,1
9666,2
9667,1
9662,2
9663,6
7639,1
7186,1
639,11
638,1
631,13
632,8
634,1
637,9
449,3
7189,4
1071,1
1070,2
1073,2
1072,4
1075,2
1074,3
1077,4
1076,1
1079,4
1078,1
949,23
948,27
8048,4
943,23
942,10
8045,1
940,9
946,2
945,1
944,21
9279,8
9274,1
9273,1
9271,2
8033,2
6585,3
6586,1
3836,15
4638,3
11865,2
3910,3
497,2
496,1
491,1
490,1
493,4
492,3
4205,3
498,7
10272,1
10273,1
10270,1
10271,1
10276,2
10277,2
10274,1
10275,1
3745,4
3914,4
3747,1
3746,7
3741,1
3740,2
3743,6
4635,5
1923,6
1921,3
1920,1
1927,3
4636,3
1925,1
1924,15
11367,2
1929,4
1928,7
11366,6
5599,1
5594,1
5595,2
2616,3
1229,1
3561,2
3292,1
3563,6
10095,3
3297,8
6102,2
3295,2
10091,4
6103,2
9544,1
8704,13
6454,3
7065,3
7066,1
9547,2
7062,2
10242,6
7063,1
7068,2
9871,2
9870,1
12539,2
12538,1
9874,1
9877,2
9876,1
12533,1
12532,2
12531,2
12530,1
12536,3
12535,1
12534,2
2168,2
2169,4
11329,1
11328,1
2162,7
11326,3
2160,1
2161,2
2167,9
11321,1
2165,4
7532,5
7533,3
7980,2
7536,1
7534,2
7987,3
7538,1
7539,1
9543,1
6668,2
6919,1
6665,2
6667,4
6914,1
6912,4
6663,1
6662,1
6009,2
12329,8
6001,2
6003,5
6006,1
5291,7
5290,2
794,2
795,21
792,5
793,8
790,9
791,8
5299,1
5298,2
798,6
12547,1
573,9
571,2
577,3
574,4
578,4
579,1
4744,2
4745,1
8188,6
8189,5
4740,1
4741,4
4743,2
8182,3
8183,17
8180,15
8181,6
8186,23
8187,1
8184,6
8185,1
11910,1
9598,5
830,2
11914,2
11915,7
11916,5
11917,1
11918,1
11919,7
9590,2
9594,2
5435,2
5434,1
5437,5
5436,1
5430,6
5433,1
5432,1
834,3
5439,1
5438,17
8230,1
8231,1
8232,4
8233,8
8234,1
8235,2
8236,2
8237,1
8239,2
9040,6
4521,1
4522,2
4524,3
4525,2
9046,1
4527,1
4528,3
9049,6
3173,13
3179,1
2808,2
2379,5
2378,1
2377,1
2376,3
2807,2
2806,2
2801,3
2800,3
2803,3
2802,2
9026,2
9027,6
4544,2
4013,1
4014,1
4543,2
9020,6
6272,2
12495,3
6270,1
12497,47
12490,3
12491,1
12492,3
12493,1
12498,4
12499,11
4549,2
11514,1
11516,3
11517,1
11510,5
2318,1
9608,1
9609,1
9602,1
9603,2
9601,2
9606,8
9607,3
9604,1
9605,4
7271,2
7270,5
7273,6
8748,1
2317,4
6496,1
6494,6
6492,3
6493,1
6490,2
2311,2
11519,1
1458,1
1059,1
1058,13
1057,1
1056,12
1727,1
1054,6
1053,1
1052,3
1051,1
1722,1
10478,1
3262,1
10026,1
10496,2
3261,1
3266,5
10105,1
10476,5
8965,2
1858,2
7714,1
7712,2
961,2
963,8
965,2
7710,9
967,4
5609,6
5606,1
968,8
7711,1
5600,2
3768,2
2265,1
10528,4
10254,3
10255,4
10256,5
3760,5
10522,3
10523,4
10252,3
10253,2
1949,2
1948,3
1941,3
1940,3
1943,1
1942,6
1945,8
1944,2
1947,2
1946,2
10598,2
833,2
215,5
213,31
212,1
211,2
219,9
218,9
494,4
2498,3
2499,1
11129,1
11698,5
2492,3
11696,3
2490,2
11694,1
2496,1
2497,9
2494,1
2495,2
7235,8
4267,2
3546,1
3817,1
3544,1
3811,2
3810,1
3541,2
3819,5
3818,8
4269,3
2140,1
2637,1
2634,1
2632,7
2633,4
2146,3
2631,4
2148,2
9853,1
9852,1
2638,1
11349,1
11348,2
837,3
11340,4
11343,1
11342,2
11344,3
11347,1
7161,4
8728,2
8640,2
7046,3
8727,5
7512,1
7045,6
8722,2
7163,2
8720,1
8721,5
10592,2
8644,4
7883,1
8646,1
8894,5
835,1
8896,3
8897,1
8890,1
8891,1
8892,1
8899,1
6399,5
6391,3
6390,1
6393,7
6392,2
6395,2
6646,13
6397,2
6027,1
6026,12
6024,3
6023,2
6022,1
6021,1
499,2
778,2
779,1
774,1
775,1
776,1
777,3
770,1
771,6
772,3
773,2
12115,7
12117,10
12116,1
12110,2
12113,1
12112,3
12118,5
9064,2
306,5
518,2
9065,3
510,1
511,4
512,2
514,4
515,3
4722,3
4891,1
4720,2
4893,4
4894,3
4727,1
4724,1
4898,2
4899,1
4729,5
9297,4
1557,3
11978,1
11979,2
1553,1
1551,2
11972,2
11970,1
11971,3
11974,2
11975,3
5413,3
5412,4
5411,2
5410,5
5417,1
3981,2
5415,5
5414,2
5419,1
5418,1
10349,3
4099,4
12139,1
4090,1
4092,1
12138,3
4095,11
4096,1
4097,12
2670,4
4918,4
11252,4
9143,2
10755,6
10754,2
10757,1
10756,2
10751,1
10750,1
10753,1
10752,2
3157,9
2829,3
2828,2
11598,3
11599,1
11594,2
2822,5
2821,13
11597,5
2827,2
2826,5
11592,2
11593,3
10656,1
11823,1
8797,1
11203,2
6258,7
12479,12
12476,9
12477,3
12474,3
6253,3
12472,5
12473,1
6256,1
12471,2
10015,1
9968,2
10012,3
9620,2
9621,6
9622,2
9623,1
9624,3
9625,1
9626,2
9627,1
9628,6
9629,1
7780,2
9122,1
8973,1
7252,4
11693,2
7709,5
8976,1
8975,1
8974,4
7704,2
8979,1
7700,5
7703,6
7702,1
11954,3
10784,1
4404,4
4409,2
4408,6
1701,1
11953,1
1706,1
9555,1
4705,4
4871,6
2769,9
10964,2
10965,7
10963,5
10960,1
10961,2
11439,1
11438,2
5625,1
11046,4
5627,3
5621,6
5628,3
989,9
988,15
987,1
986,1
985,6
983,11
982,1
981,3
1967,8
10509,1
1965,1
1962,1
1961,3
1960,5
10500,3
10502,2
10503,1
10504,8
1969,4
1968,6
187,3
185,3
184,6
183,19
182,3
189,3
188,2
7256,1
8863,2
8375,3
8374,1
8377,5
8376,4
8371,22
8370,6
8373,2
8372,8
235,4
234,1
236,18
231,5
9365,6
9364,2
3703,2
3702,14
9361,1
3704,1
9363,5
3706,1
3709,1
3708,5
9369,3
9368,2
11106,1
11104,4
11103,5
11101,9
11100,4
11109,1
3831,5
3830,4
3837,1
4288,1
4284,2
4287,3
4281,3
4280,5
4283,2
4282,4
11363,2
11361,1
2618,2
2619,3
11364,1
2614,1
2615,4
11369,6
11368,4
2610,3
2611,1
2612,3
2613,3
7064,3
8705,3
8706,7
7061,2
8702,3
8703,1
8708,3
8709,3
1,5
2,23
3,16
4,1
5,2
6,11
7,3
8,11
7393,3
7395,2
9326,1
6627,2
12348,1
7936,1
7937,3
7934,16
7935,1
7932,1
7933,1
7930,8
7938,2
7939,4
12285,2
12284,2
12287,2
12286,5
12281,3
12283,3
12282,2
12289,1
12288,4
6604,1
11315,2
758,4
752,4
753,6
750,1
751,1
757,2
755,9
4915,2
4917,2
4911,2
4910,10
4913,3
4912,3
12137,5
12136,2
4919,3
12132,8
12131,3
1390,1
1391,2
1392,1
1393,10
1394,4
1395,1
1396,7
1398,1
1399,1
536,5
537,4
534,3
535,3
532,1
533,7
530,1
8713,2
538,2
539,1
8148,6
8149,1
8146,5
8147,24
8144,2
8142,14
8143,3
8141,7
4708,1
4709,7
11957,1
11950,1
11951,3
9559,1
4700,3
4877,4
4703,11
4872,5
11959,1
4707,2
1579,2
1576,1
1572,1
5479,2
248,15
249,4
5470,2
5473,2
5475,3
5474,14
5477,2
5476,3
9084,9
9002,1
9866,1
9080,1
9088,3
12226,5
10192,1
10190,6
10197,2
10196,8
10194,1
10199,1
10198,9
10517,5
9377,7
3710,3
9375,3
10513,3
9373,4
9370,1
10777,1
10776,1
10775,1
10772,1
10770,3
2843,1
2842,1
2845,2
2844,1
2846,2
2849,4
2848,1
9378,2
11172,1
5895,1
5894,5
5892,10
5891,5
9902,1
11178,2
1038,9
2446,1
1230,1
12458,7
12459,1
2267,2
2266,9
2260,8
12450,2
12451,1
12452,2
2269,3
12455,4
12457,2
6444,1
453,8
734,6
904,5
8919,2
8918,6
7729,2
7231,1
7230,1
8913,1
8912,6
8915,4
7726,1
7724,1
7626,4
1763,3
1767,3
1766,1
1769,2
7622,2
10940,1
10943,1
10944,2
10945,1
10947,1
1185,2
1184,1
1187,1
1186,2
1181,4
1183,2
1189,6
1188,6
4297,1
5642,1
5643,4
5640,1
5641,1
5644,1
3821,3
4291,1
9230,1
1989,3
1988,2
1985,14
1986,4
1980,4
4715,1
9340,1
2193,1
2660,2
2191,1
2665,1
8353,2
8352,2
8351,1
8350,2
8357,3
253,1
252,3
251,32
8358,4
256,2
255,1
254,4
9343,1
10560,2
7012,3
10566,5
10567,1
10564,2
3728,2
4115,1
3726,1
9349,3
4116,6
3723,4
3722,8
4113,2
4112,2
11160,1
11165,8
11164,4
2458,1
11166,2
2457,1
2454,6
2455,1
2453,10
2450,2
2451,2
5559,1
3859,1
3858,6
3589,6
3851,11
3582,1
3581,1
3580,2
3855,3
3854,6
3585,9
3856,5
2678,4
2679,3
11388,4
2672,3
2673,4
11387,3
11386,6
11381,17
11380,16
2674,8
2675,3
8762,1
8760,5
8761,1
8766,2
7004,2
7005,8
8769,1
10386,2
10387,1
10385,2
10382,1
10380,1
10388,1
10389,3
703,1
2186,2
2187,1
2181,6
2188,2
2189,2
6358,1
6354,1
6605,2
6356,3
6351,1
6600,3
7919,1
7914,9
7916,5
7917,5
7910,1
7913,1
9023,14
9985,1
9984,1
9987,6
9981,2
9980,4
9982,3
9989,16
9988,6
1145,5
886,3
731,3
732,14
885,1
882,7
735,1
736,5
737,9
738,1
888,1
889,6
4933,1
12158,1
4931,1
4930,2
4937,5
4936,1
4934,6
12151,2
12150,5
12153,1
4938,2
12155,4
12154,10
12157,1
12156,3
30,2
31,1
32,4
33,7
35,3
36,13
1379,2
38,1
1377,1
1375,2
1373,3
8164,1
8166,6
8167,1
8160,11
8161,2
8162,3
8163,2
5181,2
5180,2
5185,3
8169,2
5187,2
5186,1
9574,4
9575,2
4856,1
9577,1
9571,1
4858,1
4859,3
12454,10
2268,1
1518,2
1519,3
1512,5
1513,2
1510,1
1516,5
1517,2
1515,1
8292,4
8290,4
8291,1
8296,3
8297,6
8298,3
8299,6
4582,3
4583,4
4580,5
4586,1
4584,3
807,2
4589,4
10586,2
10236,1
10178,7
3780,3
10174,1
10170,2
10235,1
10232,2
3784,3
5457,1
5324,1
5327,4
5453,8
5452,2
5323,1
5450,1
3786,3
5329,5
5328,3
4327,5
3114,1
4323,1
3119,1
4329,4
10719,1
10710,1
10713,2
10715,1
10714,9
10717,2
10716,1
2868,2
2866,2
2865,2
2864,1
2863,3
9013,2
4572,3
4571,2
12432,4
12433,4
12430,5
12431,3
12436,3
12437,10
12434,3
12438,6
12439,10
11446,4
2241,3
11445,1
11442,6
11443,5
2245,7
2244,2
2248,4
11449,2
4578,1
5108,3
11503,3
12388,1
12384,10
12385,4
12386,3
12387,2
12380,1
12381,2
11500,3
3253,2
7217,8
7214,3
7745,3
8932,8
7746,11
7749,1
7748,3
2309,5
8939,1
11058,1
1745,1
1743,2
1742,2
1741,1
1740,1
1115,1
1113,3
10059,3
1110,3
1111,3
1843,2
1845,3
9356,2
6167,4
6163,1
10922,3
10923,3
10924,4
10925,5
7722,10
5668,3
6178,1
5661,5
5666,5
5667,1
723,1
271,1
270,3
273,25
272,5
274,1
277,1
279,1
278,2
8339,2
8338,5
8331,1
8330,1
8333,4
8332,9
8334,5
8337,2
8336,1
9328,3
4138,1
10549,1
10544,3
10545,2
4131,2
4130,4
4137,1
9324,7
9327,1
4134,2
11148,1
11638,1
11635,2
11634,4
11141,1
11140,1
11630,1
11633,2
3877,6
3874,2
3873,2
3872,4
3871,5
3870,2
3878,4
7028,2
7029,4
8740,4
7022,12
8743,2
8744,7
8745,1
8746,7
7027,1
8652,1
8653,1
7170,5
2474,1
2476,1
2471,6
2473,2
8656,6
2478,2
2479,2
7177,1
3301,4
3309,2
8658,13
724,2
2650,4
2651,2
2654,1
2657,4
2658,2
2659,1
7684,1
7685,2
7686,4
7687,3
7680,1
7681,2
7682,2
7683,2
6379,3
6378,4
6371,1
6377,2
6376,2
6375,1
7978,4
7979,1
7972,2
7973,3
7970,12
7971,10
7976,2
7977,6
7974,4
7975,3
6080,1
6083,1
6084,8
6086,12
6088,3
868,4
869,6
718,4
719,1
716,4
865,4
714,5
867,7
712,3
713,1
710,17
863,3
12173,3
12172,2
12171,3
12170,2
12177,4
12176,6
12175,3
12174,4
6883,1
6882,1
6887,3
6886,1
4959,1
4958,4
1356,3
1350,1
4950,3
4953,2
4952,2
4955,2
4954,2
4957,1
4956,2
18,2
19,2
12,12
1683,3
1680,5
1681,2
16,5
17,28
14,3
15,16
8102,2
8103,7
8100,1
8101,3
8106,5
8104,1
8105,2
8109,1
9512,2
9510,4
9511,1
9516,2
4837,11
9514,4
4835,1
4838,3
4839,3
11998,1
11999,4
1532,8
1533,1
3623,2
11990,1
1539,4
11992,6
11993,1
11994,1
11995,4
11996,1
3993,5
3995,2
4905,1
2125,2
9839,4
9838,3
10157,5
3682,2
3683,2
10153,2
3685,3
10151,1
10150,2
3688,1
3689,1
10158,5
10489,3
1827,6
1822,1
1823,1
1821,1
10481,4
11226,2
10483,2
10482,2
10485,6
10487,1
1829,1
5303,2
5302,1
5300,7
5307,1
5305,2
5304,1
27,3
5309,2
2577,2
1368,1
10732,2
10731,1
10730,2
4308,1
3469,2
10735,1
10734,1
3464,5
4306,4
4307,4
4300,3
4301,1
3463,1
28,4
11284,1
11285,1
11286,1
11280,2
11281,1
11282,4
11283,4
11288,1
11289,6
12418,2
12419,4
12414,1
12415,3
12416,5
12410,5
12411,5
12412,3
12413,5
2229,1
2228,3
11462,2
11463,2
11464,2
11465,1
11466,2
8785,5
2221,3
11469,2
2928,5
2225,2
2227,1
2226,7
8484,1
8482,2
8481,1
8480,1
8489,1
7573,2
8783,1
9682,9
9683,3
9680,2
9681,3
9686,3
9687,4
9688,1
9689,3
7768,4
7766,1
7765,1
7763,1
11943,2
6950,1
9134,2
10798,1
5944,1
5940,1
5943,3
5949,2
4843,1
4412,1
4841,1
4840,4
4847,4
4844,4
10904,2
10905,2
10900,2
10901,4
10902,2
10908,2
6148,1
6418,2
6416,1
6417,2
6414,5
6415,1
6412,1
6141,1
6410,6
2716,2
7825,2
8283,1
6222,1
8289,2
8879,1
5463,4
8317,4
8316,2
8315,2
8313,3
8312,1
8311,3
298,64
297,6
296,2
295,2
293,3
292,6
291,1
290,2
4151,1
4150,2
4153,1
4152,11
4155,4
3816,2
8876,1
8877,2
3899,6
3898,30
3895,1
3894,4
3897,5
3891,3
3890,3
3893,4
3892,7
9829,2
3099,1
2412,2
11616,7
11615,7
2411,4
11613,2
2417,3
11611,7
2415,3
2418,6
11618,3
3323,2
3327,3
3326,1
3329,1
69,3
6311,2
6316,2
6319,5
12353,1
4010,2
848,3
849,1
842,7
843,2
840,9
841,3
8843,1
844,4
845,1
4975,4
4974,4
4973,10
4972,1
4971,2
4970,1
12195,2
12194,1
12196,1
12191,1
4979,1
12192,5
1337,7
1335,4
1338,1
7950,2
7951,1
7952,1
7405,1
7954,1
7403,1
7400,1
7957,10
7958,3
75,1
70,2
71,1
72,2
7409,9
8128,1
8129,1
8120,2
8121,3
8122,1
8124,3
8125,3
8126,7
8127,3
9538,3
9530,12
4811,2
4812,3
9533,3
4814,3
9535,1
9536,1
4817,3
7949,2
259,1
1343,2
590,3
591,2
5149,2
595,1
596,3
597,7
598,1
5144,1
5147,4
5146,5
5141,2
8359,3
10131,1
10130,1
10133,3
10132,11
10137,8
3669,8
3666,3
10138,4
3664,2
3662,4
3663,4
3660,9
3661,1
1809,1
1804,2
1805,2
1807,2
9341,6
5368,3
5499,17
5498,4
5493,4
5360,13
5363,6
5490,4
5497,4
5364,8
5494,3
4368,1
3409,1
4363,1
4360,2
4361,4
4366,5
4367,1
4364,1
3405,1
4114,2
10568,3
334,21
336,23
3724,3
330,65
331,7
332,6
333,6
4111,2
338,1
339,3
4110,6
3721,3
9918,1
9919,2
11268,2
11269,3
11266,1
11267,3
11265,2
11263,1
11260,1
11261,6
2028,2
11167,1
2459,3
2207,1
2754,1
2757,1
2756,10
2203,5
2202,1
2753,1
2200,2
2759,4
2758,8
2209,3
11408,6
11409,1
1027,5
11402,1
11403,1
11401,2
11404,4
11405,28
8469,1
8465,4
8464,3
8467,1
8466,4
8461,4
8460,2
8463,4
8462,3
1793,1
936,2
934,11
3586,1
5963,4
5962,4
5961,1
5960,5
5967,1
5966,2
5965,1
5964,2
6435,2
6436,2
6437,1
6431,2
6432,4
6433,8
6438,2
6439,12
6120,3
12036,5
12037,3
12034,2
3852,8
12033,1
12030,1
12031,1
12038,2
12039,1
3857,6
109,3
108,3
107,1
105,5
103,5
101,11
100,4
9498,1
1475,3
1474,1
1477,4
1476,3
1471,11
1470,11
11384,6
1478,1
5777,5
2677,6
3560,5
11383,1
7473,2
11382,5
7002,1
4178,5
4177,1
4176,2
4175,8
4174,5
4172,1
4171,3
4170,2
8764,1
8765,1
7009,1
10674,1
10673,1
10678,1
10679,3
11671,6
11673,4
11672,8
11675,2
11674,1
11677,6
11676,3
2430,2
2927,3
2924,3
2925,3
2434,1
2923,3
2920,2
2437,1
3566,1
3341,1
3340,9
3343,4
3342,2
3345,1
3346,2
2695,1
2697,1
2690,1
2691,1
2692,8
2698,1
2699,2
6338,2
6337,3
6330,1
11099,6
11098,4
12209,1
12208,5
12205,4
12204,1
12207,2
12201,2
12200,1
12203,1
12202,3
8696,3
8697,2
8695,1
8692,5
8693,2
8690,6
8691,1
8698,1
8699,10
6849,1
6848,2
6595,2
6845,2
6847,2
6846,1
6840,2
4998,1
4995,4
4994,3
4997,1
4996,1
4990,1
4993,1
9733,1
56,17
54,2
52,1
50,3
51,3
1310,1
1311,1
1312,4
1642,2
1316,1
1641,1
7425,1
7421,5
7422,7
12075,3
818,3
822,1
825,1
828,2
829,4
5169,4
5168,5
5163,4
5162,1
5160,1
5167,2
5166,2
5165,3
10118,3
10449,1
4692,2
10112,4
10111,2
10446,1
10117,3
10116,6
4695,1
10225,1
1868,3
1869,2
1862,9
1863,2
1860,1
1861,1
10227,3
1864,1
1865,6
5346,2
5345,1
10594,1
5343,4
5342,6
5341,2
10221,1
5349,6
5348,7
3794,1
10590,6
312,5
313,2
310,3
311,3
316,22
317,8
314,11
315,2
318,20
319,2
3644,1
3645,2
3646,3
3649,1
2597,10
2595,14
2594,6
2592,1
2599,3
2598,3
11248,2
11249,5
11799,4
11240,2
11241,7
11242,3
11243,5
11797,1
11246,3
11795,1
8506,1
8505,2
8502,1
8503,1
8500,2
4436,4
4437,4
4434,1
3423,2
4432,9
9113,3
9110,20
4431,3
3428,1
4349,4
9118,4
9009,1
2773,3
11425,2
2771,3
11427,1
11420,4
11421,10
11422,3
11423,1
2779,6
11428,5
11429,1
4565,2
8449,5
8448,9
8443,1
8442,5
8441,5
8440,3
8447,3
8445,4
3066,3
3536,3
8990,2
4215,4
8995,2
8994,1
8996,11
8999,2
8998,1
3246,4
3247,5
11066,1
11067,2
5909,2
5908,2
5901,1
5900,5
5902,2
5905,1
5904,2
5906,5
1125,2
7855,8
7854,3
7857,4
7856,7
7850,1
7853,2
7852,4
7859,2
7858,1
10040,1
6452,4
6453,3
6450,3
6451,1
6456,4
6106,5
6107,1
6108,1
6109,2
3946,6
3945,3
3501,2
12011,3
12012,1
12015,1
12016,4
2820,3
12018,1
12019,1
8904,1
124,1
127,2
126,1
121,1
123,1
122,2
129,3
128,1
9479,1
9478,2
9474,2
9477,3
9476,11
9471,3
9470,10
9473,1
9472,6
1451,3
1109,4
1456,2
1455,6
1104,2
1107,1
1106,2
1101,4
1103,5
1102,1
5758,2
5755,1
5756,1
5751,1
5752,1
5753,3
3308,1
645,1
10651,2
10653,1
10654,1
10655,1
10308,5
10309,1
10306,1
10307,7
10304,1
10305,2
10302,3
10303,3
10300,2
10301,1
2904,2
2907,3
2900,3
2901,3
2902,1
2903,5
2909,1
11659,9
11658,2
11653,5
11652,2
11651,2
11650,1
11657,5
11656,3
11655,6
11654,8
3367,1
3365,4
3364,1
7149,2
3361,3
3369,2
8665,1
7142,5
8661,2
12227,2
730,4
12225,1
12222,4
887,1
884,11
12229,2
12228,1
733,6
9909,3
9908,4
2010,4
2011,1
9905,3
9904,5
2018,2
2019,1
880,1
881,2
7198,6
7199,2
7194,2
7195,3
7196,1
7197,5
7190,4
7191,8
7193,5
6861,2
6860,2
6866,2
1665,4
1667,1
1660,1
1661,2
1662,1
1668,1
7994,2
7996,4
7997,1
7991,7
7992,4
7993,3
7998,12
7999,2
7443,1
7447,1
7444,1
3422,6
1592,3
1593,1
1590,1
1591,3
1596,4
1597,1
10885,2
10887,2
10886,1
10880,5
10883,1
809,1
806,7
4649,3
805,10
802,6
803,2
800,3
801,5
10414,2
3965,3
3964,3
4647,2
5101,3
5100,4
5103,3
5102,3
5105,1
5104,3
5107,1
5109,2
3613,1
11314,1
3960,1
6715,2
6714,1
6716,1
6711,1
4643,4
6712,1
4642,2
2116,6
1840,6
1841,18
1842,1
12152,1
1844,4
11310,5
1846,2
1848,2
1849,3
11311,2
9825,2
2568,1
2569,1
2566,2
9820,1
2567,2
10959,3
37,1
2563,1
378,6
379,14
372,6
374,7
375,2
376,1
377,23
10467,1
9287,1
3992,4
10464,2
3994,2
10462,12
3996,4
3625,1
3998,2
3999,4
3629,1
1688,1
11223,2
2579,5
2578,5
11224,1
11225,1
2575,2
11228,1
2571,2
2570,4
2573,1
10632,1
8528,1
10324,3
8526,1
8520,1
8523,2
10791,4
10790,3
10795,1
10799,2
4415,1
3192,3
9130,6
3195,4
9132,1
3197,5
2719,3
2711,2
2713,1
2715,1
2714,1
5184,2
8420,3
8423,5
8425,3
8424,1
8429,1
8428,1
7540,2
4855,3
9576,4
4857,1
8550,1
4851,1
7298,1
7296,1
3968,3
7291,19
4469,5
9579,1
5926,2
5925,1
5923,8
4391,3
5929,2
5928,1
4462,2
4465,1
4464,4
4467,1
7873,1
7871,2
7870,2
7877,10
7876,5
7875,5
7874,3
6470,1
6472,2
6475,1
6477,3
8847,2
7890,3
3966,7
8844,2
7895,1
8842,1
9736,1
9737,2
12078,4
12079,5
7321,2
9731,3
12072,1
12073,10
12071,6
12077,1
12074,2
9739,1
6237,1
143,1
142,3
141,7
147,7
146,3
145,1
144,3
6544,2
149,4
148,3
9459,3
9458,4
9452,3
9451,10
9450,7
9457,1
9456,4
9455,6
9454,11
1439,1
1438,1
1431,3
1122,6
1120,5
1435,1
1437,2
1436,2
5738,1
5739,1
5732,3
5730,4
5731,4
5734,1
5735,2
3521,1
2987,2
3523,1
4861,1
4065,1
4060,1
4062,2
4068,1
10639,1
10320,1
10630,2
10636,1
10325,2
10634,2
10635,1
2962,4
2963,3
2960,2
2961,1
2967,2
2964,4
2965,1
2968,1
2033,1
3388,1
3386,1
3380,2
2386,1
2384,2
2385,6
2383,4
2380,2
2381,2
2389,1
12323,1
12241,1
12240,1
12243,1
12242,3
12245,1
12244,17
12246,1
12248,2
2034,5
2035,1
9921,3
2037,2
9927,2
9926,1
2032,5
9924,3
7604,2
7606,2
7601,1
7602,1
7609,2
92,2
93,10
90,4
91,4
96,10
97,1
94,5
95,19
98,2
99,5
7462,1
7465,1
7467,2
7468,2
7469,6
263,1
616,1
6800,6
6803,2
6806,7
5128,1
5125,3
5124,1
5122,1
5121,2
5120,3
6736,1
6735,2
6734,1
688,4
689,8
5389,2
5388,1
5456,5
680,1
5381,3
5380,1
5387,8
685,3
686,8
687,5
5451,2
4109,1
424,2
357,35
426,3
427,3
420,11
421,5
422,1
423,1
428,6
429,4
358,1
359,6
3733,6
8098,3
8099,15
8094,1
4102,2
8096,2
8097,12
8090,1
8091,7
8092,1
9351,1
3608,1
3609,2
11804,4
10402,2
11802,2
9352,2
11800,6
4659,2
4656,5
3977,1
4654,11
3975,6
4652,4
4653,4
3970,2
3971,1
2559,8
2558,1
11209,1
11758,3
3447,2
11205,3
11206,1
11207,1
2557,1
11753,2
11202,2
2554,3
9923,10
12279,2
9922,1
4322,2
2036,1
4386,3
8549,3
4381,2
4382,1
2030,1
8546,1
4389,1
8545,1
11626,3
4479,3
2626,5
9925,1
11155,1
4472,2
9153,1
9150,1
9151,4
9156,1
9157,2
4474,1
4475,5
11623,11
11152,1
8409,6
8408,2
8406,4
8404,3
8403,3
8401,1
8400,4
1010,2
2620,3
246,2
8065,1
928,5
2737,7
2735,3
2734,1
2733,1
2732,3
2731,2
8068,1
2739,2
3296,1
3593,1
7818,3
7811,4
7810,3
7813,5
7812,6
7815,2
7814,1
7817,2
10988,13
10984,2
10987,2
10980,1
10982,1
10983,4
12056,3
12051,16
12058,5
12059,1
9719,1
1603,1
9714,6
9710,2
9711,3
9712,4
9713,3
169,1
161,5
160,2
163,28
162,6
164,17
167,1
166,3
9431,1
9430,8
9433,4
9432,38
9435,2
9434,4
9437,8
9436,1
9439,3
9438,31
1417,2
1416,6
1415,2
1414,1
1413,8
1144,5
1147,2
1410,3
1149,1
1148,3
1419,1
8398,1
8397,1
8396,2
8395,5
8394,5
8392,1
8391,10
8390,1
9389,1
9388,2
9387,1
9386,4
9385,3
9381,1
8757,2
10230,1
8753,1
4509,1
5246,2
5711,1
5712,1
5245,5
5242,1
5715,1
5241,7
5718,1
5719,2
5249,1
10342,1
10615,1
10340,4
10341,1
10346,1
10347,2
4045,4
10345,2
4049,4
4048,2
2949,6
2940,3
2941,1
2942,2
2944,2
2946,3
3032,1
11565,5
11564,1
11567,7
11566,1
11560,3
11563,6
11562,1
11568,5
4500,3
9941,1
12269,4
12268,10
9945,4
9944,1
9946,5
12263,2
12262,2
12261,2
12260,1
12267,2
12266,2
12265,3
12264,11
2052,3
2053,1
2050,3
2051,1
2056,4
2057,2
2054,3
2055,2
7662,4
7663,2
7660,4
7661,1
7667,4
7665,1
7669,1
3036,1
9703,2
1622,3
1623,2
1626,1
1627,3
2243,6
7486,2
7487,1
7484,1
2240,1
2247,5
9708,6
6282,5
6539,1
6284,1
6535,5
6825,1
6824,1
6823,1
6822,1
6821,1
6820,2
1089,1
1084,3
1085,16
1086,3
1087,7
1080,17
1081,2
1082,7
1083,3
1904,2
6759,3
6751,1
6753,2
6752,14
6754,6
6757,4
402,3
403,1
400,6
401,4
406,2
407,2
404,15
405,6
408,1
409,1
4674,1
3955,4
4676,2
4677,3
3950,1
4671,1
3952,2
4673,7
4678,2
4679,5
1884,2
1885,1
11822,5
1887,2
11824,3
1882,5
11827,2
10423,1
11829,1
10420,1
1888,1
10426,4
10424,3
11778,1
5507,1
5501,1
5508,1
11776,2
11777,2
8560,1
8565,2
8566,1
8567,2
8568,1
4451,3
4452,3
4453,2
9174,1
4455,1
4456,2
4457,2
3488,3
10694,3
9073,1
4512,1
10286,2
10284,2
10283,3
10281,1
10280,2
2533,3
2532,2
2535,2
2539,8
3503,2
10076,3
3732,1
3500,1
3222,2
3220,2
3228,1
10071,1
10073,12
11483,2
11480,1
11481,2
11487,1
11484,1
2288,2
2287,1
2286,1
11488,4
11489,2
2282,3
2281,1
2280,1
7741,1
8934,1
7744,2
8930,1
6345,3
3736,1
6343,1
3737,3
9884,1
9885,4
9887,1
9882,2
3655,4
9779,1
9772,3
9773,4
9770,2
9771,2
9776,7
9777,1
9774,4
8825,2
7836,1
7835,5
8826,1
7833,1
7832,1
8823,3
7830,6
8828,3
7839,1
7838,4
4634,4
9419,2
9418,1
9416,19
9415,1
9414,2
9413,6
9412,6
9410,1
1169,1
1167,3
1166,4
1165,2
1163,1
1161,1
1160,3
5081,3
5083,2
5084,3
5085,1
5086,3
5088,1
5089,5
682,1
683,2
684,1
5385,2
5384,1
5268,6
5266,5
5260,2
5261,1
5262,2
5263,2
4029,1
10369,4
4021,4
10365,3
10366,3
10367,2
4025,3
4024,4
3035,1
4026,2
7159,3
4683,6
8670,1
7152,1
8674,1
7156,6
7157,6
11019,1
11018,1
11549,1
11548,2
11547,1
11546,1
11545,3
11543,2
11542,2
11541,1
11540,2
356,1
425,2
354,1
353,3
2070,7
2071,8
2072,8
2073,6
2074,2
2075,1
2076,1
722,3
9967,1
2079,3
351,2
9963,1
893,1
9961,2
9960,1
720,2
727,2
7648,1
897,1
8618,5
8619,1
8616,3
7137,2
8614,4
8615,1
7644,14
7133,5
7130,1
7647,7
5866,4
5864,2
5862,2
5863,6
4567,1
4402,12
10401,1
5705,2
6519,4
5704,2
6510,1
6517,2
5702,3
10407,3
10406,3
3976,1
10408,2
3602,3
6777,1
6776,3
4655,3
6772,5
9819,3
6779,2
6778,1
4406,1
2109,1
4076,1
10334,1
648,3
649,3
9812,1
644,3
4072,2
646,5
647,2
640,3
641,1
642,35
643,3
10331,1
9817,1
11759,4
9816,1
2552,2
9814,2
11754,2
3712,2
5696,10
5690,1
5699,3
5698,1
2556,2
468,6
469,3
398,2
399,6
11750,1
392,8
393,1
462,40
463,48
464,3
465,17
466,4
467,23
4613,2
4610,1
3931,1
3936,6
4617,2
4614,4
4615,1
4618,3
4619,2
1206,5
11849,1
1202,4
1200,1
1201,24
11843,1
11840,11
11841,4
11846,3
11847,2
11844,4
1209,1
5522,9
5520,2
5527,4
5526,1
5525,1
5524,1
8588,2
8589,2
8586,2
8584,1
8582,3
8583,1
8581,1
9199,1
9196,1
9192,4
9193,1
3716,1
8548,1
11713,1
11710,1
9502,1
11716,1
11717,3
11714,2
11715,1
2517,1
9505,1
2515,1
2514,1
2513,4
2512,3
10005,6
10004,1
10006,5
10001,3
10000,4
10003,2
10002,17
3204,4
3205,1
3200,2
10008,1
3203,7
4713,2
5981,12
5980,2
5986,1
5989,5
5988,2
4473,3
4470,1
5325,5
6188,1
12548,2
12549,2
12546,1
6181,3
12544,1
12545,6
12542,3
6185,1
6186,2
6187,2
7587,3
7586,2
7584,2
7583,1
7582,4
7580,3
7589,1
7588,3
6980,2
6982,1
6984,8
6985,1
8851,1
6988,2
12098,4
12099,2
9752,1
7881,2
9754,7
9755,1
9756,1
9757,1
12090,1
12091,4
12092,2
12093,3
12094,5
12095,3
12097,4
7885,2
7363,6
8802,2
8800,2
8807,1
8806,1
7365,3
7364,4
7369,7
8808,5
5322,1
5069,1
5066,2
5065,2
5063,2
5060,16
5061,1
5208,2
5209,2
5202,3
5203,3
5200,1
5201,9
5207,1
5204,2
5205,4
2216,3
8245,4
8247,8
8246,1
8240,7
8243,1
8242,7
8249,2
8248,1
4007,1
9034,2
9037,4
4556,1
4003,2
9030,10
4001,9
9032,9
5555,1
9039,2
9038,5
4009,2
4008,2
2896,4
2897,8
11034,2
2892,1
2893,5
11031,8
2891,1
11039,2
11038,3
11529,3
11528,4
11521,8
11520,9
11523,3
11522,3
11525,3
11524,3
11527,5
11526,9
4545,2
9674,1
2098,2
2099,1
2096,2
2097,2
2094,5
2095,5
2092,1
2093,3
2090,1
2091,2
7114,6
7115,2
7116,7
8630,1
7111,4
8632,1
8633,6
7118,2
7119,1
1835,2
5848,1
5849,1
5841,3
5843,1
1836,3
10141,2
10142,9
10143,2
10809,3
6577,1
6576,1
10805,1
10804,2
10806,1
10801,2
10497,5
2730,1
12374,1
12376,2
6799,3
12370,1
6794,3
6796,1
6790,3
669,6
662,1
12278,1
666,1
664,2
665,2
5337,3
5335,1
5332,1
5445,1
914,5
915,1
916,9
917,5
910,2
911,1
440,8
913,4
12270,2
918,1
919,3
448,13
9939,1
4133,5
8038,2
4132,2
8036,2
8037,1
8032,1
9323,1
8030,2
11864,5
4639,2
11866,1
11867,5
11860,1
11861,1
11862,1
9206,2
4631,1
3912,9
3913,1
11868,1
3915,2
3916,4
4637,4
1228,3
4135,1
1224,3
1225,4
1226,3
1227,6
1220,1
1221,5
1222,8
1223,1
4313,1
4312,1
5541,1
5540,4
5544,3
5546,1
4494,2
4496,1
4497,3
4490,1
4492,2
4498,2
4499,1
11637,1
11636,1
11739,2
11734,4
11736,5
11737,2
11730,2
11732,2
959,6
3268,2
10027,1
3263,2
10024,2
10023,3
3267,1
10021,1
2791,1
2793,1
2792,5
2795,5
2797,1
2796,1
2799,2
2798,3
951,1
8078,3
481,2
954,25
487,4
956,6
485,4
11190,1
11191,1
11192,3
2135,1
2134,2
2136,3
2133,16
2132,2
2139,1
10546,2
8793,2
8791,6
7569,4
8795,1
8794,2
7565,1
7564,1
8799,3
7566,1
7563,3
7562,1
6968,1
6964,2
6965,3
6963,1
6960,3
10739,1
8868,1
8861,1
7303,1
10541,2
7305,2
8867,1
7306,1
10542,3
11021,3
10543,1
5044,5
5045,7
5046,2
5047,1
5040,5
5041,1
5042,2
8749,2
5048,6
8742,1
5222,8
5224,4
5225,1
5228,3
7026,4
8747,3
4797,1
4796,1
4794,1
4793,1
4791,1
4790,6
4798,2
10524,2
8262,4
8261,1
8267,3
8266,4
8265,1
8264,1
8269,1
4573,2
9012,1
9011,2
9010,3
4577,2
9016,2
9015,1
4574,1
3077,1
9019,1
9018,1
3070,1
11051,2
11502,9
11501,4
11052,3
11506,1
11057,5
11504,2
11059,2
2307,1
11509,1
11508,1
2302,1
2303,4
2300,3
4397,4
7172,1
7173,7
8650,1
7171,1
7176,1
8657,8
8654,3
7175,2
7178,1
10521,1
5828,5
5826,1
5824,1
4761,3
2259,1
4186,4
7792,1
7793,3
7790,1
11452,1
10826,1
10825,4
10824,2
10823,3
10822,3
10821,2
10203,2
10829,1
4183,1
6559,1
6225,1
6553,1
6552,1
6551,1
6550,1
10209,4
9655,3
9657,1
9656,2
9651,3
9650,3
9652,2
12357,2
12354,2
9659,12
9658,3
12351,7
12350,2
601,3
602,3
604,2
605,1
607,1
608,8
609,6
10726,1
10404,1
10727,1
1798,1
1029,4
1026,2
1795,1
1024,2
1025,6
1022,5
1023,1
1020,9
1021,5
933,3
930,5
931,1
8010,1
937,3
8012,3
935,1
8018,1
8019,1
9222,2
4375,1
11888,1
11889,7
11886,2
11887,3
11885,1
11882,2
11883,1
11880,5
11881,8
11741,1
1247,2
1245,1
10409,1
11740,14
9692,1
11026,1
9068,1
11743,4
12393,2
10688,2
9698,1
1140,1
1143,1
11742,3
4502,3
3798,2
1142,5
10229,2
10228,2
10599,6
4503,2
3792,2
3793,3
3790,3
3791,3
3796,5
3797,1
10223,1
3795,2
9061,1
2233,1
9067,1
5566,1
5564,6
5562,2
10684,3
5568,9
4216,3
4217,3
4214,2
3243,1
3532,1
4213,3
3530,1
4211,1
3248,6
3249,2
4218,2
4219,3
10048,1
10041,1
10067,8
10042,6
10045,5
10047,1
10046,2
7200,10
3517,2
7203,1
8924,2
11624,5
8929,1
12502,28
12503,1
12500,1
12501,3
12506,2
12507,5
12504,5
12505,1
12508,1
12509,13
11316,1
2112,4
2111,2
2110,2
2117,2
11313,2
2115,1
2114,3
9826,1
9827,1
9824,2
2118,4
9823,1
11318,2
2235,5
10565,4
7098,1
7549,2
4697,1
7092,2
7547,9
7546,2
7545,4
7544,4
9795,2
9796,1
9797,12
7327,1
8846,1
7893,2
7892,9
7323,2
7322,4
8841,6
7896,1
7899,3
8849,2
8848,1
11621,1
1494,2
1492,4
1491,11
1490,2
11505,1
6945,2
6940,1
6941,3
6948,14
6949,1
7121,1
5022,2
5023,2
5020,10
5021,1
5026,1
5027,1
5024,3
5029,4
6056,1
6057,1
6052,1
6053,1
11701,1
6058,1
6059,1
5798,2
5790,1
5792,2
5794,1
5795,1
5796,1
5797,4
4779,1
4778,2
4775,1
4777,1
4776,1
4771,2
4770,3
4773,1
8209,2
8202,1
8204,4
8207,4
8206,4
10699,5
4511,3
9070,6
10696,1
9072,10
4515,3
9074,3
4517,2
11073,3
11072,1
11071,2
11070,3
11077,1
11076,1
11075,1
437,3
435,1
432,1
7158,2
8679,5
2491,1
7150,10
8671,1
8672,3
8673,1
7154,2
7155,1
8676,2
8677,3
3216,1
2320,1
2321,4
2322,1
2323,3
2328,1
2329,3
860,2
4056,1
861,1
5800,7
5801,2
5803,1
5804,1
862,4
5806,2
5807,1
3291,1
711,2
10841,4
10840,1
10843,3
10844,4
10847,2
10849,1
12528,3
12179,2
5710,1
6209,14
12178,2
6202,1
6201,2
6207,2
3949,2
4658,1
9809,1
3943,3
3942,1
4661,1
12339,2
9672,1
9671,1
10437,3
9677,3
9676,4
2178,1
12331,2
12330,2
9679,1
12335,1
12334,8
12337,1
12336,2
4665,2
3944,10
4043,4
628,2
629,8
626,1
627,3
624,1
625,4
622,2
623,1
620,2
621,5
2171,1
4047,2
4046,4
1005,1
1006,9
1007,3
1001,12
1002,4
4657,1
4044,4
1008,4
1009,1
10465,2
11212,1
3017,3
6408,2
8072,1
8073,6
8071,5
8076,2
8075,4
950,12
483,6
952,5
953,14
486,7
955,3
484,4
957,6
1682,1
9241,4
9247,3
9245,7
9249,19
10933,3
1260,1
6406,1
1264,3
1266,3
1267,4
1268,3
1686,3
1687,3
6403,3
11669,1
1685,2
8572,1
10207,5
10206,2
4184,1
4185,2
4182,1
10202,1
10201,1
4181,3
3493,1
4188,2
1916,4
1917,2
1914,1
1915,2
1913,3
1910,1
1918,5
1919,1
4118,5
9160,1
5588,2
5584,3
5587,1
5586,2
5581,1
5583,3
5582,1
10063,1
10062,8
10061,2
10060,1
3518,3
4239,4
10064,5
3514,1
3515,1
10069,1
10068,4
4230,1
4232,3
3513,1
1530,10
4210,4
1531,1
1538,1
11991,3
4117,1
10879,6
9804,5
9800,1
12529,6
9802,1
12525,3
12526,3
12527,2
9808,1
12521,21
12522,1
12523,3
11330,2
11331,2
11333,2
11334,1
11335,1
11336,1
11338,1
2173,1
2172,1
2175,4
2174,2
2177,3
2176,3
7520,2
7523,3
7522,6
7525,1
7524,3
7527,6
4011,2
10871,1
4012,1
6923,6
6920,1
6693,1
6927,1
6697,1
6698,4
6699,1
6929,2
4016,11
5008,2
5009,7
5000,3
5002,7
5003,1
5006,3
5007,1
6079,4
6074,1
6076,1
6077,5
6070,2
6071,1
547,4
542,9
541,1
540,2
549,2
548,2
8199,3
8198,1
8191,5
8190,1
8192,1
8195,1
8194,3
8197,6
8196,3
11925,1
9588,2
4759,1
11926,1
11921,3
11920,1
11923,3
11922,3
9581,2
9580,2
4751,2
4750,2
9585,5
9584,2
4755,1
4754,5
8227,1
8226,20
8225,3
8223,3
8221,2
8220,1
8228,1
4537,3
9055,6
9054,5
9053,1
9052,4
9051,2
4530,1
4539,6
9058,10
4351,1
3680,3
10155,2
3161,1
3162,3
3684,4
3169,2
3168,1
3686,1
6691,10
3687,10
2342,1
2343,2
2341,8
2347,3
2344,1
2345,6
2348,3
2349,6
6925,2
1826,2
6261,4
6260,1
10869,1
6266,5
10862,3
10861,1
10866,3
10865,6
1828,1
10486,1
8328,2
12313,1
12312,1
4127,2
12317,1
12315,4
12314,4
12319,1
12318,1
9619,1
9618,6
9611,1
9610,7
9613,2
9612,4
9614,1
9616,2
6487,47
6486,1
6480,1
6483,5
6482,4
8326,4
9943,1
8327,1
9942,1
11137,2
1062,8
1063,9
1060,13
1067,7
1064,2
1065,6
1068,4
9949,1
3963,2
8050,7
8052,2
8054,3
8055,7
9265,1
9331,1
1289,1
10557,2
10110,2
584,2
4309,4
976,3
977,1
974,7
5618,3
970,12
5615,3
5611,1
5610,3
5613,1
979,9
10261,4
10260,5
10263,4
10262,1
10265,2
10266,4
3756,3
10268,2
3754,2
3755,2
3752,2
3753,2
3750,5
3751,7
1939,2
1934,1
1935,1
1930,1
1931,3
1932,6
1933,7
10089,3
10088,6
4252,1
3573,12
10087,5
4251,2
4254,5
10082,1
204,4
207,1
200,1
201,1
203,5
209,17
8046,1
941,4
8044,1
2489,2
11682,1
11683,9
11684,1
11685,1
11138,5
11687,1
2481,8
11689,2
2483,9
11135,2
2485,9
2484,6
2486,4
3284,2
3285,2
3287,3
3280,12
3281,1
3283,6
3288,2
2157,6
2624,4
9860,3
2154,3
2153,3
2152,2
2623,3
2622,5
9869,3
2159,1
11358,1
11350,2
11351,2
11357,1
11354,2
7059,1
7509,1
7508,1
8735,2
7506,1
7051,1
8730,2
7053,1
8889,2
8883,2
8882,1
8886,13
8885,1
8884,2
1292,1
6908,3
6909,5
10354,1
6678,2
6679,1
6900,2
6674,1
6903,1
6904,1
6673,2
6906,1
6907,1
10646,1
7302,3
6018,1
6012,2
6013,2
6010,6
6016,2
5283,4
782,7
785,7
784,8
787,6
786,2
789,1
788,4
5289,3
12107,1
12104,3
12102,1
12103,4
12101,1
12108,1
12109,5
569,2
568,3
565,1
564,5
567,5
566,1
561,9
560,2
563,7
562,5
4731,4
4730,1
4884,3
4735,1
4734,2
4881,2
4736,2
4738,3
1544,1
1547,1
1541,4
1540,4
11909,11
11908,2
11907,2
11904,1
11903,4
11900,1
5426,1
5427,4
5425,2
5422,1
5423,4
5420,3
5421,2
11385,1
4089,20
4088,4
4087,2
4085,1
4084,4
4083,1
4082,9
4081,1
4080,2
441,1
10747,4
10744,3
10745,5
10742,8
10740,6
10741,1
10748,3
10749,1
9589,7
11924,2
2818,1
2819,2
2360,4
2361,2
2814,2
2363,1
2364,2
2813,2
2810,1
2367,1
4752,1
9583,1
9582,2
11929,2
9587,1
9586,7
12483,2
12482,1
12481,2
12487,1
12486,8
6249,1
12484,2
12489,2
12488,25
2223,3
3748,2
11154,2
3744,1
10278,1
10279,3
9636,8
9634,5
9631,2
9630,1
3742,2
6537,4
9639,2
9638,3
7266,1
7267,1
8944,1
7262,1
7263,3
7260,1
7261,4
6532,3
8949,5
1048,5
1738,1
1739,1
1040,7
1041,8
1042,8
1043,6
1044,4
1045,2
1730,7
9057,4
9050,3
11153,1
5638,4
998,2
994,6
995,1
996,7
5630,4
5637,5
991,2
5635,4
5634,5
1152,1
10249,2
10539,1
10243,2
10534,2
10241,2
10531,4
10246,1
10533,3
1958,4
1959,13
1952,3
1953,3
1950,1
1951,2
1956,2
1957,2
1954,2
1955,4
195,14
197,2
190,3
191,6
193,2
199,3
7751,1
222,4
223,6
220,1
221,10
226,3
227,4
224,2
228,5
3774,3
3775,4
3776,6
3770,2
3771,14
3772,1
3773,3
3778,4
3779,1
3290,1
4245,1
10093,3
11119,2
11113,1
4270,1
3551,1
3804,1
4273,1
4274,1
3803,3
3800,2
4277,7
3558,3
3559,3
3809,3
2603,6
11375,2
11376,4
11377,3
2607,1
11372,1
2604,4
9840,1
9842,1
2608,1
11378,5
11379,1
9846,4
8719,2
7078,1
7073,2
8712,2
7071,2
8710,2
8717,2
8716,7
7075,1
11468,2
7360,3
7381,6
7380,1
7382,4
7385,2
7891,2
7387,1
7386,2
7389,1
7388,3
6651,1
6653,1
6658,1
6659,1
9071,2
6388,5
6389,3
6382,2
6383,2
6380,2
6381,3
6386,8
6384,4
6385,2
7925,4
7924,3
7927,1
7926,1
7920,3
7923,1
7922,11
7929,3
7928,5
3614,1
12296,2
12297,1
6032,2
6033,1
12292,1
12293,3
12290,5
12291,4
12298,2
7897,6
10332,1
769,4
768,5
767,1
766,1
765,5
764,6
763,2
762,4
761,3
760,10
12120,6
12121,1
12123,2
12126,2
12127,7
12128,6
12129,2
1386,1
1383,20
1380,1
1389,5
1388,3
11913,1
509,1
8159,8
8158,1
503,5
8154,1
501,2
8156,10
507,4
506,3
8153,3
4869,2
9548,2
4719,4
4865,5
4716,2
4867,2
9546,2
9541,1
9540,1
4863,1
4710,3
11969,3
11968,1
1561,2
1560,3
1565,1
1564,1
11961,1
11963,3
1568,5
11965,1
11964,1
11966,2
5408,3
5409,7
5404,2
5405,7
5406,6
5407,9
5400,3
5403,1
9098,4
10184,1
10185,1
883,1
10187,1
10180,1
10760,3
10761,1
10763,3
10764,2
10765,1
10766,4
3125,5
2834,4
2836,1
2830,1
2831,9
2832,12
2838,4
2839,2
11589,2
11588,4
11583,3
11582,2
11581,5
11587,3
11586,3
11585,4
11584,1
702,1
4675,3
872,3
3957,2
871,1
4670,18
870,1
4672,1
11817,1
9322,4
3958,2
3959,1
12186,2
12187,2
12465,5
12464,3
12467,1
12466,5
12461,6
12460,7
12463,6
12462,11
6891,2
11821,7
1886,1
10428,3
1880,6
4948,3
1889,2
7718,1
7719,1
8964,1
7717,2
8966,4
8967,1
8960,3
7713,5
8962,1
8963,3
9325,1
5505,1
10350,1
1714,1
11327,2
10600,1
1710,3
1711,2
4058,3
4059,3
7947,7
500,6
11320,3
5292,2
7413,2
11775,1
6144,1
3000,1
6147,1
6413,4
10975,2
10976,1
10971,2
10970,1
10973,5
10979,1
11819,1
5651,2
5650,2
5653,16
5652,1
5655,1
5657,1
5656,7
5658,1
11818,2
1970,1
1971,3
1972,1
1973,8
1974,2
1976,7
1977,2
1978,10
1979,12
9172,1
4648,1
4558,1
9527,1
4806,3
8366,4
8367,3
8364,7
8365,2
8362,3
8363,2
8360,1
8361,1
240,5
4803,3
242,4
243,3
244,2
8368,2
247,5
9376,3
3713,3
10515,1
3711,3
9372,2
3717,3
10511,3
3715,1
3718,5
3719,5
10519,1
9379,5
2993,2
2991,1
11177,3
11175,5
2444,1
2447,6
11179,10
2443,3
9354,4
8776,1
3828,7
3829,1
4299,1
3824,2
3825,2
3826,1
3827,3
3820,7
4293,1
3822,1
3823,4
2668,3
2199,1
2198,1
11398,1
11399,1
2661,8
2192,1
2663,2
2662,8
11392,6
2196,2
2667,4
2666,1
8771,1
7010,4
8773,2
8772,1
7014,3
8777,3
6268,1
8779,2
8778,5
9357,1
9350,1
12295,2
6630,1
6636,1
9353,1
6638,2
3293,1
7902,2
7901,1
7907,4
7906,2
7905,1
7904,1
7909,3
7908,7
745,1
744,2
740,1
743,3
749,1
748,6
12148,1
12149,3
4902,2
4900,2
12142,3
12143,2
12146,2
12147,3
4908,2
12145,2
23,3
22,6
21,15
20,3
1369,5
26,9
25,3
24,1
1365,2
29,1
1366,5
1360,1
521,4
520,3
522,9
524,2
527,2
1562,1
529,4
8179,6
8178,21
8173,6
8172,7
8171,3
8170,4
8177,6
8176,3
8175,5
8174,3
11746,3
11942,4
9568,1
11945,1
11944,2
9563,2
9561,5
9560,1
9567,12
4845,3
9564,3
1509,2
1508,1
1501,3
1500,4
1503,2
1502,5
1505,2
1504,2
1506,1
8281,5
5468,2
8282,7
8285,3
8284,4
8287,2
8286,5
5462,4
8288,2
5460,2
5461,4
5466,1
5467,4
5464,2
5465,1
4591,3
4590,4
4593,4
4592,4
4594,5
4597,2
4599,1
4598,1
10169,1
10166,5
10167,1
10164,5
10165,1
10162,20
10160,1
4334,1
4337,1
4336,7
4331,1
4333,3
4338,1
10708,2
10709,1
10702,5
10703,1
10700,2
10701,3
10706,1
10704,2
10705,1
2850,1
2856,1
9111,1
2854,2
2858,1
2859,4
5889,1
5880,3
5881,7
5883,2
5884,1
5887,1
6915,1
12446,4
12445,2
12444,4
12443,4
299,7
12441,1
12440,4
12449,1
12448,2
2276,9
2274,1
2275,1
2272,3
2273,4
2270,4
2271,2
2278,1
9551,1
9307,1
2289,4
2285,2
4154,3
7734,1
7736,3
7737,1
7731,10
7732,1
7733,2
7229,3
8902,1
8900,1
8901,2
8906,1
8907,3
7224,12
2066,1
9950,3
1771,1
1777,1
1774,1
9956,2
1778,2
1779,5
2062,2
9954,1
6177,4
6171,1
6173,2
10958,8
10955,12
10953,1
10952,1
10951,4
1194,2
1192,3
1193,1
1190,1
1191,2
3918,1
5679,4
5678,1
5676,1
5675,11
6169,1
4370,1
1998,4
1999,10
1997,1
1994,5
1995,4
1992,1
1993,3
1990,1
1991,1
4377,1
7129,2
7128,4
7657,1
7127,5
8601,3
7652,2
266,4
267,1
264,4
265,2
262,1
8603,1
260,1
261,1
8602,1
268,1
269,3
8348,2
8349,4
8344,1
8345,1
8346,3
8347,1
8340,2
8341,2
8342,1
8343,5
3738,3
3739,2
10573,1
10572,5
10574,6
4108,5
10576,2
3730,1
9355,1
4104,6
4105,1
3734,3
3735,3
4100,2
4101,1
11158,2
11628,2
2463,7
11627,6
11156,3
2466,4
2465,2
2464,2
3595,7
3597,5
3592,1
797,3
3598,2
5293,1
3848,13
3849,3
3842,3
3843,7
3846,1
3847,13
3844,3
3845,2
5296,8
8758,3
7037,2
8756,2
8754,2
7033,2
7032,1
8751,1
7030,1
10394,2
10391,1
10393,4
10399,3
10398,3
3911,3
2646,6
2645,2
2644,2
2643,3
2642,5
2641,4
2640,5
2649,1
2648,5
7693,2
7692,2
7690,1
7697,4
7696,7
7695,2
7694,1
7699,4
6348,1
6349,2
6347,1
6344,7
6613,2
6342,1
6615,1
7969,3
7968,1
7960,4
7963,7
7965,2
7964,5
7967,2
7966,2
4810,5
9889,1
9996,1
9995,1
9992,3
9993,4
9990,1
9991,1
9998,5
9999,2
891,4
890,9
721,3
892,4
895,2
725,3
896,3
899,4
898,1
729,5
728,2
12164,1
12165,3
12166,11
12167,1
12160,12
12161,2
12162,3
12168,1
12169,1
4929,3
5295,4
4925,2
4926,1
4927,2
4921,1
4922,1
4923,2
1698,1
1349,1
1691,2
1341,5
1692,1
1695,1
1694,1
1697,11
8111,1
8110,5
8113,1
8115,5
8114,3
8117,2
8119,5
5193,1
5191,1
5197,1
5195,12
4821,3
4820,2
4823,1
4822,1
4825,3
4827,1
1527,4
1525,1
1524,3
1523,1
1522,1
1521,1
1520,5
1529,15
1528,2
7640,2
2413,24
2410,4
11614,1
11612,2
3697,2
3696,5
3695,1
3694,4
3692,3
3691,4
3690,9
11610,1
3699,2
3698,5
10148,1
1834,7
1837,1
10499,5
1831,5
1830,1
1833,6
10493,3
10490,2
10491,1
10144,4
10145,3
10146,1
5440,8
5441,3
5334,4
5443,3
5444,3
5333,3
5446,1
5331,2
5448,2
5339,2
10724,7
10725,2
4311,4
4310,2
4317,1
4316,2
4315,2
4314,1
4748,1
4319,20
3478,1
10729,1
4749,1
2878,3
2879,1
2870,1
2871,3
2873,9
2874,4
11912,1
2876,1
2877,1
9599,3
9592,2
9593,7
2239,3
978,1
12421,2
12423,10
12422,14
12425,3
12427,1
12429,2
12428,1
11455,4
11454,1
11457,6
11456,3
11451,7
11450,6
11453,3
11476,1
2255,2
2256,1
2257,3
2252,3
2253,1
7837,10
11474,4
2236,1
3759,4
8827,2
2237,5
3757,2
11470,1
8820,1
9691,1
9690,2
12399,2
12398,5
9694,3
9697,2
9699,2
12392,2
12391,5
8822,1
12397,1
12395,4
12394,4
6294,1
7752,1
7201,2
7750,1
8923,2
7204,3
8925,2
7207,3
7208,2
6522,2
7758,1
7759,1
6523,1
1751,1
1752,2
1756,1
1757,1
9041,1
9044,3
9045,2
4526,1
9048,1
6409,3
6156,7
6154,3
10931,4
6404,3
6407,2
6158,1
6401,1
6400,4
10937,8
10936,8
3496,3
3807,1
288,8
289,3
284,2
285,1
286,1
287,10
281,1
283,1
4124,2
4125,1
4126,3
8329,1
4120,1
4123,1
8322,1
8323,4
8320,2
8321,1
4128,3
4129,2
8324,16
8325,1
10085,6
10559,1
9332,1
10550,1
9336,1
9337,3
10555,1
11608,2
11609,4
10086,3
11600,5
11602,1
11605,4
11607,1
10083,3
3575,2
3860,6
3861,7
3862,2
3863,2
3864,2
3865,11
3866,16
3867,6
3868,3
3869,4
2401,1
2400,2
2403,1
2402,1
2405,6
2404,5
2407,3
2409,3
2408,1
7955,3
3317,4
3314,1
3313,1
3311,1
3318,1
6364,1
6365,11
6366,2
6360,3
6361,3
6362,5
6363,3
7646,2
3938,1
4836,2
3939,2
6092,4
6096,1
6097,2
6094,1
6098,1
6099,2
8854,4
8855,1
709,5
879,1
878,9
701,1
700,1
875,3
874,7
705,3
704,1
707,5
706,2
10595,1
6899,2
12189,1
6892,3
6893,1
6890,6
12185,1
12182,2
12183,2
12180,2
12181,1
1321,1
1323,1
1324,1
1326,1
4942,2
4941,2
4946,1
4944,1
7415,12
7414,1
7945,3
7944,3
7411,3
7942,1
7941,2
7940,3
66,3
64,3
7419,1
62,3
61,7
7948,1
8139,6
8138,9
8137,1
8135,2
8134,7
8133,2
8132,3
8131,1
8130,5
11987,1
11986,1
11985,1
11983,6
11982,9
9529,2
4808,3
4807,3
9526,2
4805,3
9524,4
9523,9
4802,1
11989,2
11988,2
73,2
9347,1
11688,2
2480,6
11134,1
2482,3
11132,3
10122,4
10123,3
10121,2
3679,1
3678,1
3675,1
3674,4
10128,2
10129,1
3671,8
3670,3
1811,1
1816,4
1815,6
1814,1
1819,1
5318,1
5317,2
5310,3
5311,1
5313,2
4378,1
3410,1
4373,1
4372,3
3415,1
3417,4
4376,1
412,5
3921,1
3923,1
11293,4
11290,5
11294,1
3925,1
11299,1
2375,1
3927,6
2373,1
2371,2
2625,23
12409,6
12408,2
12403,4
12402,2
12401,3
12400,4
12407,2
2627,1
12405,11
12404,4
9861,3
11479,6
2232,5
2621,5
11475,2
2231,3
11473,3
11472,1
9867,1
8493,3
8497,2
4978,1
11839,1
7770,1
1219,2
7772,6
7773,2
7777,1
396,2
5957,1
5955,3
5950,2
7953,6
4020,1
78,2
4023,2
79,3
4022,1
7956,6
10361,2
74,1
10362,20
7959,2
6133,2
395,1
10910,4
10917,1
10916,1
10591,2
10919,1
6138,1
6429,2
6428,4
6137,4
6423,1
6422,3
6421,2
6420,1
6427,2
6426,1
6425,6
6424,1
